,Job Family,Total Benefits,Total Compensation,Percent_Total_Benefit
34,Public Service Aide,12081.252502645502,34013.789743386245,35.51868990133516
23,Park & Zoo,22168.76972222222,65363.66462962963,33.916044713583915
9,Energy & Environment,14254.41,43219.5,32.98143199250338
37,Revenue,15629.20408888889,47641.78176666667,32.805666600454714
21,Museum & Cultural Affairs,27037.39,83926.07,32.215722718816686
